歌曲名,歌手,专辑,类别
Do for Love,2Pac,R U Still Down? (Remember Me),Hip-Hop/Rap
What's Up?,4 Non Blondes,"Bigger, Better, Faster, More!",Rock
Everyday (feat. Rod Stewart x Miguel x Mark Ronson),A$AP Rocky,AT.LONG.LAST.A$AP,Hip-Hop/Rap
Praise The Lord (Da Shine) [feat. Skepta],A$AP Rocky,TESTING,Hip-Hop/Rap
Sunset in Calabasas,adrian,Sunset in Calabasas - Single,Ambient
Samdo (Mixed),Agdem,"Martin Garrix Presents IDEM at RAI Amsterdam, Oct 20, 2023 (DJ Mix)",Dance
Familiar,Agnes Obel,Citizen of Glass,Alternative
REEL IT IN,Aminé,ONEPOINTFIVE,Hip-Hop/Rap
Love the Way (Mixed),Andrew Ashong,Ninja Tune Presents: Solid Steel with Maribou State (DJ Mix),Electronic
Coffee Cup,Anthony Lazaro,Rock Paper Scissors,Singer/Songwriter
QKThr,Aphex Twin,Drukqs,Electronic
Weightless,Arlo Parks,My Soft Machine,Pop
Purple Phase,Arlo Parks,My Soft Machine (Apple Music Edition),Pop
Revolt,As the Stars Fall,Tempus Fugit,Alternative
III,Athletics,Who You Are Is Not Enough,Rock
Panoramic View,AWOLNATION,Panoramic View - Single,Alternative
Cog in the Wheel,Baba Ali,Nomad - Single,Contemporary R&B
Androids Hate Marching (Mixed),Baka,EPM: The Advent (DJ Mix),Techno
Coffee,beabadoobee,Coffee - Single,Alternative
Jealous of Roses (Mixed),Bibio,Ninja Tune Presents: Solid Steel with Maribou State (DJ Mix),Electronic
Alphane,Blanke,Emergence - EP,Bass
Most Precious Love (feat. Barbara Tucker) [Copyright Remix],Blaze & UDAUFL,Most Precious Love (feat. Barbara Tucker) [Copyright Remixes] - EP,House
Song 2 (2012 Remaster),Blur,Blur (Special Edition) [2012 Remaster],Pop
Melody X,Bonaparte,Melody X - Single,Alternative
All I See - Darius Remix,Bondax & Darius,All I See (Remixes) - EP,R&B/Soul
Heaven (feat. Quamon Fowler & Bernard Wright),Brandon Williams,XII,R&B/Soul
She's Alive,Bremer/McCoy,Forsvinder,Jazz
4runner,Brenn!,4runner - Single,Alternative
Easily,Bruno Major,A Song for Every Moon,Alternative
Konan,Bunraku,Konan - Single,Electronic
Tek It,Cafuné,Running,Alternative
Far Behind,Candlebox,Candlebox,Rock
kill the thought,cehryl,kill the thought - Single,Alternative
Say The Word (feat. Clementine Douglas) [Mixed],Chase & Status,"Boiler Room: Chase & Status in London, Oct 10, 2023 (DJ Mix)",Jungle/Drum'n'bass
Heather,Conan Gray,Kid Krow,Pop
Xoxoxo,corto.alto,Bad with Names,Jazz
7 Days,Craig David,Born to Do It,Pop
Feel It (From The Original Series “Invincible”),d4vd,Feel It (From The Original Series “Invincible”) - Single,Alternative
Once More,d4vd,The Lost Petals - EP,Alternative
Something About Us,Daft Punk,Discovery,Dance
Ye Ye,Daphni,Jiaolong,Electronic
The Magic Number,De La Soul,3 Feet High and Rising (35th Anniversary),Hip-Hop/Rap
Mulholland's Dinner and Wine,Declan McKenna,What Happened to the Beach?,Alternative
IWBYH,Delachute,Canal,Electronic
The Lake (Mixed),Denai Moore,Ninja Tune Presents: Solid Steel with Maribou State (DJ Mix),Electronic
I'm Coming Out,Diana Ross,Diana,R&B/Soul
It Had to Be You (with André Previn),Dinah Shore,"Dinah Sings, Previn Plays (with André Previn)",Pop
Sometimes Back,Dino Sabatini,Omonimo,IDM/Experimental
Mechanic Feels (Mixed),DJ MELL G & Unklevon,EPM: The Advent (DJ Mix),Techno
CHROMA 003 Bi83,DOVE,CHROMA 003 Bi83 - Single,Electronic
2 Hard 4 The Radio,Drake,ICEMAN,Hip-Hop/Rap
Burning Bridges,Drake,ICEMAN,Hip-Hop/Rap
Don’t Worry,Drake,ICEMAN,Hip-Hop/Rap
Dust,Drake,ICEMAN,Hip-Hop/Rap
Firm Friends,Drake,ICEMAN,Hip-Hop/Rap
Janice STFU,Drake,ICEMAN,Hip-Hop/Rap
Little Birdie,Drake,ICEMAN,Hip-Hop/Rap
Make Them Cry,Drake,ICEMAN,Hip-Hop/Rap
Make Them Know,Drake,ICEMAN,Hip-Hop/Rap
Make Them Pay,Drake,ICEMAN,Hip-Hop/Rap
Make Them Remember,Drake,ICEMAN,Hip-Hop/Rap
National Treasures,Drake,ICEMAN,Hip-Hop/Rap
Plot Twist,Drake,ICEMAN,Hip-Hop/Rap
Shabang,Drake,ICEMAN,Hip-Hop/Rap
What Did I Miss?,Drake,ICEMAN,Hip-Hop/Rap
Whisper My Name,Drake,ICEMAN,Hip-Hop/Rap
Circo Loco,Drake & 21 Savage,Her Loss,Hip-Hop/Rap
B’s On The Table,Drake & 21 Savage,ICEMAN,Hip-Hop/Rap
Ran To Atlanta,"Drake, Future & Molly Santana",ICEMAN,Hip-Hop/Rap
I'm Good,Ebony Loren,I'm Good - Single,Pop
Blue,Ed Sheeran,Autumn Variations,Pop
England,Ed Sheeran,Autumn Variations (Fan Living Room Sessions),Pop
About You (feat. Æther),Else,Mirage - EP,Electronic
Crack a Bottle (feat. Dr. Dre & 50 Cent),"Eminem, Dr. Dre & 50 Cent",Relapse: Refill,Hip-Hop/Rap
Biomanipulation (Mixed),Eric Louis,BBD SELECTS 013: Mohemann (DJ Mix),Techno
sad day,FKA twigs,MAGDALENE,Electronic
Us - A COLORS SHOW,FKJ,Us - A COLORS SHOW - Single,Jazz
Dreams,Fleetwood Mac,Rumours,Rock
Be Yourself,Frank Ocean,Blonde,Pop
Close to You,Frank Ocean,Blonde,Pop
Facebook Story,Frank Ocean,Blonde,Pop
Good Guy,Frank Ocean,Blonde,Pop
Ivy,Frank Ocean,Blonde,Pop
Nights,Frank Ocean,Blonde,Pop
Pink + White,Frank Ocean,Blonde,Pop
Pretty Sweet,Frank Ocean,Blonde,Pop
Seigfried,Frank Ocean,Blonde,Pop
Self Control,Frank Ocean,Blonde,Pop
Skyline To,Frank Ocean,Blonde,Pop
Solo,Frank Ocean,Blonde,Pop
Solo (Reprise),Frank Ocean,Blonde,Pop
White Ferrari,Frank Ocean,Blonde,Pop
nothing's wrong,frumhere,the last waltz,Hip-Hop/Rap
Ené Nègn Bay Manèsh,Girma Beyene,"Éthiopiques, Vol. 8: Swinging Addis (1969-1974)",Worldwide
Skin (Mixed),Grimes,Ninja Tune Presents: Solid Steel with Maribou State (DJ Mix),Electronic
Cruiser Weight Coke,Griselda,WWCD,Hip-Hop/Rap
Stone Cold,Groove Chronicles (Noodles),Stonecold / Hold On - Single,Garage
Just the Two of Us (feat. Bill Withers),"Grover Washington, Jr.",Anthology,Jazz
Shotgun (It Ain't over) [Intro Version] [Mixed],Hardwell & Bright Lights,"Tomorrowland 2023: Hardwell at Mainstage, Weekend 2 (DJ Mix)",Dance
Magma (Mixed),Harry Romero,Crack Mix (DJ Mix),Techno
Call of Silence,haru,Attack on Titan OST Relaxing Piano Collection - EP,New Age
Flare,Hensonn,Flare - Single,Electronic
Sahara,Hensonn,Sahara - Single,Hip-Hop
Red Room,Hiatus Kaiyote,Mood Valiant,Alternative
Warm On a Cold Night,HONNE,Warm On a Cold Night - EP,Alternative
Too Sweet,Hozier,Unreal Unearth: Unaired,Alternative
ID1 (from Ninja Tune Presents: Solid Steel with Maribou State) [Mixed],ID,Ninja Tune Presents: Solid Steel with Maribou State (DJ Mix),Electronic
ID2 (from Ninja Tune Presents: Solid Steel with Maribou State) [Mixed],ID,Ninja Tune Presents: Solid Steel with Maribou State (DJ Mix),Electronic
Retrograde,James Blake,Overgrown (Deluxe Edition),Electronic
Take It Back,JAWNY,Take It Back - Single,Pop
February (Mixed),John FM,Early Hours (DJ Mix),Electronic
New Light,John Mayer,Sob Rock,Pop
Streets Of Philadelphia (feat. Gabrielle Cavassa),Joshua Redman,where are we,Jazz
Gone With the Wind (Remastered),Julie London,Julie Is Her Name,Pop
"Wicked (feat. kadiata, Knucks & Sam Wise)",Juls,"Wicked (feat. Knucks, Sam Wise & kadiata) - Single",Hip-Hop/Rap
Drops (Mixed),Jungle,Ninja Tune Presents: Solid Steel with Maribou State (DJ Mix),Electronic
Hibernate,Just Big Hills,Distance - EP,Electronic
Peaches (feat. Daniel Caesar & GIVĒON),Justin Bieber,Justice (Triple Chucks Deluxe),Pop
Love Yourself,Justin Bieber,Purpose (Deluxe),Pop
LOVE SONG,Justin Bieber,SWAG II,Pop
YUKON,Justin Bieber,SWAG II,Pop
Dogtown,Kamaal Williams,Stings,Jazz
Only One (feat. Paul McCartney),Kanye West,Only One (feat. Paul McCartney) - Single,Hip-Hop/Rap
ALL THE LOVE,Kanye West & Andre Troutman,BULLY,Hip-Hop/Rap
After Hours,Kehlani,CRASH,R&B/Soul
"Köln, January 24, 1975, Pt. I (Live)",Keith Jarrett,The Köln Concert (Live),Jazz
"Köln, January 24, 1975, Pt. II A (Live)",Keith Jarrett,The Köln Concert (Live),Jazz
"Köln, January 24, 1975, Pt. II B (Live)",Keith Jarrett,The Köln Concert (Live),Jazz
"Köln, January 24, 1975, Pt. II C (Live)",Keith Jarrett,The Köln Concert (Live),Jazz
Jerk Ribs (Mount Kimbie Remix) [Mixed],Kelis,Ninja Tune Presents: Solid Steel with Maribou State (DJ Mix),Electronic
LOVE. (feat. Zacari),Kendrick Lamar,DAMN.,Hip-Hop/Rap
LOVE. (FEAT. ZACARI.),Kendrick Lamar,DAMN.,Hip-Hop/Rap
euphoria,Kendrick Lamar,euphoria - Single,Hip-Hop/Rap
A Love International,Khruangbin,A LA SALA,Alternative
Feel the Love (feat. Pusha T),KIDS SEE GHOSTS,KIDS SEE GHOSTS,Hip-Hop/Rap
Socially Awkward,Kiefer,Happysad,Electronic
Say Yes To Heaven,Lana Del Rey,Say Yes To Heaven - Single,Alternative
way over,lavender,we're having a barn dance,Alternative
Long Blue Light,Leif Vollebekk,Long Blue Light - Single,Alternative
Sometimes I'm Happy,Lester Young Quartet,Count Basie,Jazz
Numb / Encore (feat. JAŸ-Z) [Live],LINKIN PARK,Road to Revolution: Live at Milton Keynes,Hard Rock
Last Night (Anyma x Layton Giordani Remix),Loofy,Last Night (Anyma x Layton Giordani Remix) - Single,Dance
biking,Loop Schrauber,biking - Single,Hip-Hop/Rap
Game Over (Mixed),LOOPERS & Martin Garrix,"Martin Garrix Presents IDEM at RAI Amsterdam, Oct 20, 2023 (DJ Mix)",Dance
Homemade Dynamite,Lorde,Melodrama,Alternative
Untitled B1,Lowtec,Workshop 06 - EP,Dance
AWAKE.EXE,LSDREAM,VOYAGER,Electronic
Dirtknock,Madlib,Dirtknock - Single,Electronic
DTLA,Mareux,Lovers From The Past,Alternative
The Perfect Girl (The Motion Retrowave Remix),Mareux,The Perfect Girl (The Motion Retrowave Remix) - Single,Alternative
Part Time Glory,Maribou State,Kingdoms In Colour,Electronic
Raincoats (Mixed),Maribou State,Ninja Tune Presents: Solid Steel with Maribou State (DJ Mix),Electronic
Summer Days (feat. Macklemore & Patrick Stump) / Breach (Walk Alone) [Mixed],Martin Garrix & Blinders,"Martin Garrix Presents IDEM at RAI Amsterdam, Oct 20, 2023 (DJ Mix)",Dance
Make Up Your Mind (Mixed),Martin Garrix & Florian Picasso,"Martin Garrix Presents IDEM at RAI Amsterdam, Oct 20, 2023 (DJ Mix)",Dance
Limitless (Mixed),Mesto & Martin Garrix,"Martin Garrix Presents IDEM at RAI Amsterdam, Oct 20, 2023 (DJ Mix)",Dance
All The Money (Bonus),Metro Boomin & Gunna,HEROES & VILLAINS,Hip-Hop/Rap
Scared To Start,Michael Marcagi,Scared To Start - Single,Alternative
Day Dreams,Mindchatter,Spiritual Puberty - EP,Electronic
Mike Black (Mixed),Mo Kolours,Ninja Tune Presents: Solid Steel with Maribou State (DJ Mix),Electronic
Lyk U Use 2 (feat. Andres) [Mixed],Moodymann,Ninja Tune Presents: Solid Steel with Maribou State (DJ Mix),Electronic
Trigger Hippie,Morcheeba,Who Can You Trust?,Pop
Skin Tight (feat. Efya),Mr Eazi,Skin Tight (feat. Efya) - Single,Afrobeats
Ballin’,Mustard & Roddy Ricch,Discover More Hip Hop,Hip-Hop/Rap
Nature Boy,"Nat ""King"" Cole",The World of Nat King Cole,Jazz
"Irgendwie, Irgendwo, Irgendwann",Nena,Nena Live '98,Pop
Triptych,Nicholas Payton,Into the Blue,Jazz
Acknowledgement,Nicholas Payton & Butcher Brown,A Supreme Blue,Jazz
Mayonaka No Door~stay with Me (Night Tempo Showa Groove Mix),Night Tempo & Miki Matsubara,Miki Matsubara Night Tempo Presents the Showa Groove - Single,J-Pop
Smells Like Teen Spirit,Nirvana,Nevermind,Rock
ALLIGATOR,NOISY,ALLIGATOR - Single,Alternative
Aruarian Dance,Nujabes,Samurai Champloo Music Record Departure,Anime
Slice,O.,Slice - EP,Alternative
star signs (feat. Runtown),Odunsi (The Engine),rare.,R&B/Soul
Password Change,Olivia Dean,Ok Love You Bye - EP,Alternative
Computer Blue (Mixed),Olsen,Ninja Tune Presents: Solid Steel with Maribou State (DJ Mix),Electronic
Lightworkers Call Feat. Kromestar,Om Unit,Aeolian,IDM/Experimental
Spite,Omar Apollo,Spite - Single,Pop
Cutting Lines With Occam's Razor,Omega,Cutting Lines With Occam's Razor - Single,Dance
Feel Again (iTunes Session),OneRepublic,iTunes Session,Pop
The Freedom to F**k Off,Petey USA,USA,Rock
Halo Beam,Phocust,Halo Beam - Single,Dubstep
Aftermath,Portland,Aftermath - Single,Alternative
Opp Thot,POUNDZ,Opp Thot - Single,Hip-Hop/Rap
As It Was,Prep,As It Was - Single,Pop
Another One Bites the Dust,Queen,The Game (Deluxe Edition),Rock
Bloody You,Racoon Racoon,A Birds Story,Singer/Songwriter
Sunset,Resavoir,Resavoir,Jazz
KEEP IT UP,Rex Orange County,WHO CARES?,Alternative
Thunder,RY X,Thunder - Single,Alternative
Raspberry,Saje,Freefallin' Dreams - EP,Electronic
I'm Not the Only One,Sam Smith,In the Lonely Hour (Drowning Shadows Edition),Pop
Angel,Sarah McLachlan,Surfacing,Pop
Marilyn Monroe,Sevdaliza,Ison,Electronic
Monster,Shawn Mendes & Justin Bieber,Wonder (Holiday Deluxe),Pop
might start singing (sped up),sheldon charlot,might start singing (sped up) - Single,R&B/Soul
Clarity,"Showyou, Noflik & Peter Somuah",Mystic Soul,Hip-Hop/Rap
I Lost Myself (Mixed),Sivu,Ninja Tune Presents: Solid Steel with Maribou State (DJ Mix),Electronic
Rutten,Skream,Skream! (Expanded Edition),Dubstep
Horses,Slomosa,Slomosa,Alternative
Enter One,Sol Seppy,Son Of A Gun (Original Soundtrack Album),Soundtrack
Desire (feat. Simon Lingmerth),Soul Tune Allstars,Desire - Single,Funk
93 'Til Infinity,Souls of Mischief,93 'til Infinity,Hip-Hop/Rap
Dark Red,Steve Lacy,Dark Red - Single,R&B/Soul
Bad Habit,Steve Lacy,Gemini Rights,R&B/Soul
Shotput,Still Woozy,Shotput - Single,Alternative
Black Ice,Subtronics & Rezz,Black Ice - Single,Dance
Quiver (feat. Lonas),Super Duper,HALLELUJAH!,Electronic
Tko,Swarmz,TKO - Single,Hip-Hop/Rap
Aerials,System Of A Down,Toxicity,Hard Rock
Come Together (2019 Mix),The Beatles,Abbey Road (2019 Mix),Rock
Hush,The Marías,CINEMA,Alternative
Amapola (Orchestra Version),The Soundtrack Kings,Beauty Inside (Original Motion Picture Soundtrack),Soundtrack
New Girl (Tom's Song),The Walters,Songs for Dads - EP,Alternative
The Pot,TOOL,"10,000 Days",Metal
Hurts Me (feat. Yoko Gold),Tory Lanez & Trippie Redd,Hurts Me (feat. Yoko Gold) - Single,Hip-Hop/Rap
Set for Life,Trent Dabbs,Set for Life - Single,Singer/Songwriter
Overcompensate,twenty one pilots,Clancy,Alternative
"Antistatic, Pt. 1",Vainqueur,Reductions 1995–1997,Techno
Praise Jah In the Moonlight,YG Marley,Praise Jah In the Moonlight (Live) - Single,Reggae
Ghost sYMbOL (Mixed),Zero 7,Ninja Tune Presents: Solid Steel with Maribou State (DJ Mix),Electronic
In the Waiting Line,Zero 7 & Sophie Barker,Record (Deluxe),Electronic
PROBLEMATIC,"¥$, Kanye West & Ty Dolla $ign",VULTURES 1,Hip-Hop/Rap
唯一 (三立/台视戏剧《恋爱是科学》插曲),告五人,运气来得若有似无,Mandopop
我真的受伤了,张学友,学友.热,Mandopop
Marunouchi Sadistic,椎名林檎,Muzai Moratorium - Innocence Moratorium,J-Pop
孤独患者,陈奕迅,?,Mandopop
寂寞的季节,陶喆,乐之路,Mandopop
